{"global_step": 30720, "_timestamp": 1727099810.2662675, "_runtime": 262.96458745002747, "_step": 77, "charts/learning_rate": 1.6666666851961054e-05, "losses/value_loss": 299.7130432128906, "losses/policy_loss": -4.289112985134125e-05, "losses/entropy": 0.11406416445970535, "losses/old_approx_kl": -0.0016304301097989082, "losses/approx_kl": 0.0007126438431441784, "losses/clipfrac": 0.009521484375, "losses/explained_variance": 0.015638768672943115, "charts/SPS": 119.0, "charts/episodic_return-game7-player0": 0.699999988079071, "charts/episodic_length-game7-player0": 7.0, "charts/episodic_return-game7-player1": 0.699999988079071, "charts/episodic_length-game7-player1": 7.0, "charts/episodic_return-game6-player0": -1.600000023841858, "charts/episodic_length-game6-player0": 35.0, "charts/episodic_return-game6-player1": -1.600000023841858, "charts/episodic_length-game6-player1": 35.0, "charts/episodic_return-game5-player0": 2.799999952316284, "charts/episodic_length-game5-player0": 28.0, "charts/episodic_return-game5-player1": 2.799999952316284, "charts/episodic_length-game5-player1": 28.0, "charts/episodic_return-game2-player0": -1.399999976158142, "charts/episodic_length-game2-player0": 88.0, "charts/episodic_return-game2-player1": -1.399999976158142, "charts/episodic_length-game2-player1": 88.0, "charts/episodic_return-game3-player0": 1.7999999523162842, "charts/episodic_length-game3-player0": 120.0, "charts/episodic_return-game3-player1": 1.7999999523162842, "charts/episodic_length-game3-player1": 120.0, "charts/episodic_return-game1-player0": -0.20000000298023224, "charts/episodic_length-game1-player0": 100.0, "charts/episodic_return-game1-player1": -0.20000000298023224, "charts/episodic_length-game1-player1": 100.0, "charts/episodic_return-game0-player0": -2.200000047683716, "charts/episodic_length-game0-player0": 29.0, "charts/episodic_return-game0-player1": -2.200000047683716, "charts/episodic_length-game0-player1": 29.0, "charts/episodic_return-game4-player0": 2.0999999046325684, "charts/episodic_length-game4-player0": 21.0, "charts/episodic_return-game4-player1": 2.0999999046325684, "charts/episodic_length-game4-player1": 21.0, "_wandb": {"runtime": 261}}