{"_wandb": {"runtime": 59}, "global_step": 8192, "_timestamp": 1725721054.1985996, "_runtime": 60.60578155517578, "_step": 2, "charts/learning_rate": 0.0001250000059371814, "losses/value_loss": 86.46529388427734, "losses/policy_loss": 0.15900041162967682, "losses/entropy": 1.7794525623321533, "losses/old_approx_kl": 0.2144506871700287, "losses/approx_kl": 0.19747726619243622, "losses/clipfrac": 0.7508544921875, "losses/explained_variance": 0.9546501636505127, "charts/SPS": 147.0}