{"global_step": 9986, "_timestamp": 1727784637.075043, "_runtime": 532.8688879013062, "_step": 272, "losses/td_loss": 1.6042578220367432, "losses/q_values": 0.3388289213180542, "charts/SPS": 18.0, "Rewards/R-G0-P0": 5.599999904632568, "GameTime/T-G0-P0": 209.0, "Rewards/R-G0-P1": 5.599999904632568, "GameTime/T-G0-P1": 209.0, "Rewards/R-G2-P0": 5.599999904632568, "GameTime/T-G2-P0": 209.0, "Rewards/R-G2-P1": 5.599999904632568, "GameTime/T-G2-P1": 209.0, "Rewards/R-G3-P0": 6.300000190734863, "GameTime/T-G3-P0": 165.0, "Rewards/R-G3-P1": 6.300000190734863, "GameTime/T-G3-P1": 165.0, "Rewards/R-G1-P0": 6.300000190734863, "GameTime/T-G1-P0": 165.0, "Rewards/R-G1-P1": 6.300000190734863, "GameTime/T-G1-P1": 165.0, "_wandb": {"runtime": 532}}