{"global_step": 7168, "_timestamp": 1727366194.1187499, "_runtime": 50.8362717628479, "_step": 16, "charts/learning_rate": 3.571428533177823e-05, "losses/value_loss": 98.54163360595703, "losses/policy_loss": 0.02086973935365677, "losses/entropy": 0.466716468334198, "losses/old_approx_kl": 0.057622894644737244, "losses/approx_kl": 0.04679998755455017, "losses/clipfrac": 0.187255859375, "losses/explained_variance": 0.5684430003166199, "charts/SPS": 150.0, "Rewards/R-G2-P0": -17.299999237060547, "GameTime/T-G2-P0": 78.0, "Rewards/R-G2-P1": -17.299999237060547, "GameTime/T-G2-P1": 78.0, "Rewards/R-G1-P0": -19.200000762939453, "GameTime/T-G1-P0": 8.0, "Rewards/R-G1-P1": -19.200000762939453, "GameTime/T-G1-P1": 8.0, "Rewards/R-G0-P0": -17.200000762939453, "GameTime/T-G0-P0": 28.0, "Rewards/R-G0-P1": -17.200000762939453, "GameTime/T-G0-P1": 28.0, "Rewards/R-G3-P0": -17.100000381469727, "GameTime/T-G3-P0": 29.0, "Rewards/R-G3-P1": -17.100000381469727, "GameTime/T-G3-P1": 29.0, "_wandb": {"runtime": 49}}