{"_wandb": {"runtime": 13}, "global_step": 0, "_timestamp": 1727738981.5648708, "_runtime": 0.7511467933654785, "_step": 0}