{"global_step": 9974, "_timestamp": 1727793622.615345, "_runtime": 362.25262689590454, "_step": 744, "Rewards/R-G0-P0": -4.019999980926514, "GameTime/T-G0-P0": 99.0, "Rewards/R-G0-P1": -4.019999980926514, "GameTime/T-G0-P1": 99.0, "Rewards/R-G3-P0": -4.059999942779541, "GameTime/T-G3-P0": 95.0, "Rewards/R-G3-P1": -4.059999942779541, "GameTime/T-G3-P1": 95.0, "Rewards/R-G6-P0": -4.019999980926514, "GameTime/T-G6-P0": 99.0, "Rewards/R-G6-P1": -4.019999980926514, "GameTime/T-G6-P1": 99.0, "Rewards/R-G1-P0": -3.390000104904175, "GameTime/T-G1-P0": 162.0, "Rewards/R-G1-P1": -3.390000104904175, "GameTime/T-G1-P1": 162.0, "Rewards/R-G4-P0": -4.019999980926514, "GameTime/T-G4-P0": 99.0, "Rewards/R-G4-P1": -4.019999980926514, "GameTime/T-G4-P1": 99.0, "Rewards/R-G2-P0": -4.019999980926514, "GameTime/T-G2-P0": 99.0, "Rewards/R-G2-P1": -4.019999980926514, "GameTime/T-G2-P1": 99.0, "Rewards/R-G5-P0": -3.390000104904175, "GameTime/T-G5-P0": 162.0, "Rewards/R-G5-P1": -3.390000104904175, "GameTime/T-G5-P1": 162.0, "losses/td_loss": 0.00012995206634514034, "losses/q_values": -0.06462835520505905, "charts/SPS": 27.0, "Rewards/R-G7-P0": -3.4100000858306885, "GameTime/T-G7-P0": 160.0, "Rewards/R-G7-P1": -3.4100000858306885, "GameTime/T-G7-P1": 160.0, "_wandb": {"runtime": 362}}